{
  "default": {
    "steps\\03-check-state-change.step.ts": {
      "x": -186.2667166898624,
      "y": 562.1643142662915
    },
    "steps\\02-test-state.step.ts": {
      "x": -204.84287943216543,
      "y": 371.88282348946643
    },
    "steps\\01-api.step.ts": {
      "x": 37.023105541360536,
      "y": 173.66641844556221
    },
    "steps\\00-noop.step.ts": {
      "x": 51.5,
      "y": 0
    }
  },
  "HelloWorld": {
    "steps\\helloW.step.ts": {
      "x": -75.21195091405498,
      "y": -40.90474523395973
    },
    "steps\\helloEvent.step.ts": {
      "x": 177.62277432236226,
      "y": -43.09480370802875
    }
  },
  "hello-world": {
    "steps\\helloEvent.step.ts": {
      "x": 302.9408495845358,
      "y": -96.86514901374696
    },
    "steps\\helloW.step.ts": {
      "x": 290.7991405854732,
      "y": -298.95661927238376
    }
  },
  "cron-example": {
    "steps\\helloCron.step.ts": {
      "x": 0,
      "y": 0
    }
  }
}